[
 {
  "name": "index",
  "url": "/index",
  "controller": "loginController",
  "templateUrl": "/resources/html/login.html",
  "params": {"message": null,"urlJsonMissing":false}
 },
 {
  "name": "forgotPassword",
  "url": "/forgotPassword",
  "controller": "forgotPasswordCtrl",
  "templateUrl": "/resources/html/forgotPassword.html"
 },
 {
  "name": "resetPassword",
  "url": "/resetPassword",
  "controller": "resetPasswordCtrl",
  "templateUrl": "/resources/html/resetPassword.html"
 },
 {
  "name": "manager",
  "url": "/manager",
  "controller": "appLoadController",
  "templateUrl": "/resources/html/main.html"
 },
 {
  "name": "manager.profileSettings",
  "url": "/profileSettings",
  "controller": "userProfileCtrl",
  "templateUrl": "/resources/html/userProfile.html"
 },
 {
  "name": "manager.serviceCatalog",
  "url": "/serviceCatalog",
  "controller": "serviceCatalogCtrl",
  "templateUrl": "/resources/html/serviceCatalog.html"
 },
 {
  "name": "manager.setupcredentials",
  "url": "/setupcredentials",
  "controller": "serviceAuthCredentialsCtrl",
  "templateUrl": "/resources/html/setUpCredentials.html"
 },
 {
  "name":"manager.inventory",
  "url":"/inventory",
  "controller":"inventoryController",
  "templateUrl":"resources/html/inventory.html"
 },
 {
  "name":"manager.priceSheet",
  "url":"/priceSheet",
  "controller":"InventoryPriceSheetCtrl",
  "templateUrl":"resources/html/inventoryPriceSheet.html"
 },
 {
  "name":"manager.staged",
  "url":"/staged",
  "controller":"inventoryController",
  "templateUrl":"resources/html/inventoryStage.html"
 },
 {
  "name":"manager.published",
  "url":"/published",
  "controller":"inventoryController",
  "templateUrl":"resources/html/inventoryPublish.html"
 },
 {
  "name":"manager.suspended",
  "url":"/suspended",
  "controller":"inventoryController",
  "templateUrl":"resources/html/inventorySuspend.html"
 },
 {
  "name":"manager.archived",
  "url":"/archived",
  "controller":"inventoryController",
  "templateUrl":"resources/html/inventoryArchive.html"
 },
 {
  "name":"manager.discount",
  "url":"/discount",
  "controller":"discountCtrl",
  "templateUrl":"resources/html/discount.html"
 },
 {
 "name":"manager.discountSheet",
 "url":"/discountSheet",
 "controller":"discountCtrl",
 "templateUrl":"resources/html/discountSheet.html"
},
 {
 "name":"manager.billingCycle",
 "url":"/billingCycle",
 "controller":"billingCycleCtrl",
 "templateUrl":"resources/html/billingCycle.html"
 },
 {
  "name":"manager.reseller",
  "url":"/reseller",
  "controller":"",
  "templateUrl":"resources/html/resellerCompany.html"
 },
 {
  "name":"manager.resellerPrice",
  "url":"/resellerPrice",
  "controller":"",
  "templateUrl":"resources/html/resellerPriceGroup.html"
 },
 {
  "name":"manager.billingInvoice",
  "url":"/billingInvoice",
  "controller":"",
  "templateUrl":"resources/html/billingInvoice.html"
 },
 {
  "name": "manager.invoiceDetails",
  "url": "/invoiceDetails",
  "controller": "invoiceDetailsCtrl",
  "templateUrl": "resources/html/invoiceDetails.html"
 },
 {
  "name": "manager.manageUser",
  "url": "/manageUser",
  "controller": "",
  "templateUrl": "resources/html/manageUser.html"
 },
 {
  "name": "manager.manageRole",
  "url": "/manageRole",
  "controller": "",
  "templateUrl": "resources/html/manageRole.html"
 },
 {
  "name":"manager.reportReseller",
  "url":"/reportReseller",
  "controller":"resellerReportCtrl",
  "templateUrl":"resources/html/reportReseller.html"
 },
 {
  "name":"manager.settings",
  "url":"/settings",
  "controller":"settingsCtrl",
  "templateUrl":"resources/html/settings.html"
 },
 {
  "name":"manager.reportServices",
  "url":"/reportServices",
  "controller":"servicesReportCtrl",
  "templateUrl":"resources/html/reportServices.html"
 },{
 "name":"manager.reportOverAll",
 "url":"/reportOverAll",
 "controller":"overAllReportCtrl",
 "templateUrl":"resources/html/reportOverAll.html"
},
 {
  "name":"sessionExpired",
  "url":"/sessionExpired",
  "controller":"",
  "templateUrl":""
 },
 {
  "name":"manager.dashBoard",
  "url":"/dashBoard",
  "controller":"dashBoardCtrl",
  "templateUrl":"resources/html/dashBoard.html"
 },
 {
  "name": "manager.premiumGroups",
  "url": "/premiumGroups",
  "controller": "premiumGroupsCtrl",
  "templateUrl": "/resources/html/premiumGroups.html"
 },
 {
  "name": "manager.resellerCompany",
  "url": "/resellerCompany",
  "controller": "resellerCompanyCtrl",
  "templateUrl": "/resources/html/resellerCompany.html"
 },

 {
  "name": "manager.bundleList",
  "url": "/bundleList",
  "controller": "bundleListCtrl",
  "templateUrl": "/resources/html/bundleList.html"
 },
 {
  "name": "manager.createBundle",
  "url": "/createBundle",
  "controller": "createBundleCtrl",
  "templateUrl": "/resources/html/createBundle.html"
 },
 {
  "name": "manager.accountsPaybleReports",
  "url": "/accountsPaybleReports",
  "controller": "accountsPaybleReportsCtrl",
  "templateUrl": "/resources/html/accountsPaybleReports.html"
 },
 {
  "name": "manager.accountsPaybleReportsDetails",
  "url": "/accountsPaybleReportsDetails",
  "controller": "accountsPaybleReportsDetailsCtrl",
  "templateUrl": "/resources/html/accountsPaybleReportsDetails.html"
 } ,
 {
  "name": "manager.newProducts",
  "url": "/newProducts",
  "controller": "newProductsCtrl",
  "templateUrl": "/resources/html/newProducts.html"
 },
 {
  "name": "manager.editProduct",
  "url": "/editProduct",
  "controller": "editProductCtrl",
  "templateUrl": "resources/html/editProduct.html"
 },
 {
  "name": "manager.currencySettings",
  "url": "/currencySettings",
  "controller": "currencySettingsCtrl",
  "templateUrl": "resources/html/currencySettings.html"
 },
 {
  "name": "manager.exportExcel",
  "url": "/exportExcel",
  "controller": "exportExcelCtrl",
  "templateUrl": "resources/html/ exportExcel.html"
 }
 
]