<?xml version="1.0" encoding="UTF-8"?>
<configuration>
	<include resource="org/springframework/boot/logging/logback/base.xml" />
	<logger name="com.valuelabs.nephele" level="DEBUG" />
	 <appender name="fileAppender" class="ch.qos.logback.core.FileAppender">
        <file>logs/nephele_log.log</file>
        <append>true</append>
        <encoder>
            <pattern>%d [%thread] %-5level  %logger{35} - %msg%n</pattern>
        </encoder>
    </appender>
     <root level="info">
   	 <appender-ref ref="fileAppender" />
  	</root> 
</configuration>
